{
    "maxMin": {
        "x": {
            "max": 1,
            "min": 0
        },
        "y": {
            "max": 1,
            "min": 0
        },
        "rul": {
            "max": 200,
            "min": 100
        }
    },
    "units": [
        {
            "unitId": 0,
            "x": 0.8813345940217596,
            "y": 0.37203370958371895,
            "rul": 198
        },
    ]
}